node_id,name,job,birthday
0,Odessa Satmary,Shoe Coverer,1973-12-20
1,Huong Kalp,Mixer Helper,1962-01-02
2,Gianna Alan,Foreign Clerk,1965-06-12
3,Yu Koshi,Clipper,1947-05-16
4,Brittani Longhofer,Shaper And Presser,1974-08-05
5,Claudine Rombach,Glass-Wool-Blanket-Machine Feeder,1990-08-11
6,Juliet Allford,"Supervisor, Quilting",1976-10-17
7,Ida Bakerville,Central-Office Installer,1987-06-20
8,Lisha Franken,Motorcycle Repairer,1997-10-26
9,Albertine Bobak,"Supervisor, Cleaning",1957-03-04
10,Dawn Jekot,Field Representative,1945-04-19
11,Karol Giantonio,Barrel Filler,1967-09-07
12,Dulcie Miyares,Needle-Loom Tender,1983-12-07
13,Audie Layman,Lawyer,1942-03-17
14,Dominica Ahr,Material Assembler,1985-06-16
15,Adrienne Molinere,Cupola Tender,1981-01-17
16,Khadijah Cregeen,"Sales Representative, Animal-Feed Products",1956-01-14
17,Hyun Alberda,Dovetail-Machine Operator,1995-07-20
18,Arnetta Hultquist,Doughnut-Machine Operator,1975-03-30
19,Elenor Heeralall,Toy Assembler,1950-04-22
20,Roxy Priddy,Assembly Operator,1958-07-15
21,Versie Munivez,"Special Procedures Technologist, Cardiac Catheterization",1944-06-19
22,Elly Glosser,"Catalyst Operator, Gasoline",1975-08-05
23,Karyn Gallerani,Typesetter-Perforator Operator,1996-09-15
24,Julienne Confair,Chemical-Radiation Technician,1980-08-20
25,Elfrieda Witherington,Mill-And-Coal-Transport Operator,1995-10-30
26,Allie Sourlis,Station Installer-And-Repairer,1946-01-08
27,Ranee Gouge,Modeler,1998-04-05
28,Nickie Kivioja,Sheet-Metal Worker,1959-09-08
29,Rosanna Mclyman,Wood Hacker,1958-12-08
30,Maribeth Vauter,Harness Cleaner,1987-12-22
31,Lashawna Guichard,Mold Laminator,1976-09-02
32,Sunshine Lastella,Oven Dauber,1959-11-13
33,Leida Reddekopp,Switch Tender,1998-07-14
34,Margery Schlett,Trade Marker,1994-10-11
35,Ivory Bocskor,Tag-Machine Operator,1969-03-20
36,Lillia Novielli,Steel-Barrel Reamer,1945-10-28
37,Elenore Stableford,Log-Chipper Operator,1962-09-08
38,Tiera Rocker,Draw-Bench-Operator Helper,1973-03-31
39,Daphine Then,Battery Tester,1980-04-23
40,Claire Baber,Rodding-Anode Worker,1949-10-09
41,Tyisha Mcclung,Puff Ironer,1981-11-12
42,Layne Kapinos,Dental-Laboratory Technician,1983-06-22
43,Michaela Fredieu,Core Checker,1967-08-05
44,Lynna Schriever,Electrogalvanizing-Machine Operator,1962-05-18
45,Nadine Mickiewicz,Addresser,1993-05-15
46,Kristen Fishburn,Reel Assembler,1996-12-11
47,Melani Groner,Fur Dresser,1943-03-01
48,Bee Mottershead,Sticker,1984-02-10
49,Marlys Heroux,Sheet-Metal-Pattern Cutter,1949-02-04
50,Madge Humenik,Mill Helper,1953-04-29
51,Lilian Mossien,Dye-Tub Operator,1971-09-17
52,Mistie Greenwalt,High-Density Finishing Operator,1940-01-29
53,Hien Schwalenberg,Drawer Liner,1961-07-20
54,Paulette Kaywood,"Cutter, Barrel Drum",1995-04-10
55,Siobhan Cawein,Piano Technician,1981-08-15
56,Shanti Toribio,Sketch Maker,1944-05-08
57,Griselda Tecuanhuey,"Barrel-Lathe Operator, Outside",1978-09-12
58,Carlena Battistini,Industrial Therapist,1986-04-24
59,Lisha Dubois,Neck Skewer,1981-08-19
60,Moira Filippello,Radiological-Equipment Specialist,1964-09-01
61,Fred Grueninger,Field-Service Engineer,1975-09-04
62,Nichole Bininger,Barrel Drainer,1967-05-15
63,Jackie Murano,Gate Agent,1971-04-25
64,Dorcas Tendick,Hydro-Pneumatic Tester,1951-11-28
65,Wan Christopoulos,Shredder Operator,1960-11-29
66,Deidra Telleria,"Supervisor, Livestock-Yard",1970-05-22
67,Tam Pelzel,Shotblast-Equipment Operator,1948-11-17
68,Twanna Marze,Hoof And Shoe Inspector,1982-04-30
69,Kortney Rehberger,Animal Breeder,1966-10-27
70,Jacelyn Couper,Script Reader,1963-12-30
71,Tamica Dulkis,Classification Clerk,1950-06-23
72,Alpha Stoecker,Weight Analyst,1991-11-07
73,Rossana Gunsolley,Winder,1979-01-19
74,Julieta Audia,Brand Recorder,1996-05-06
75,Shanta Whicker,Magneto Repairer,1989-04-13
76,Charlsie Jenrette,Electric-Meter Tester,1952-01-14
77,Andrew Zahradnik,"Supervisor, Microwave",1969-04-13
78,Raquel Verzi,Title Supervisor,1995-10-14
79,Keith Balbin,Liquid-Sugar Melter,1969-09-22
80,Annemarie Bartgis,Signal Maintainer Helper,1977-09-30
81,Darnell Woodard,Circulating Process Inspector,1991-06-14
82,Galina Moras,Drum Loader And Unloader,1994-02-12
83,Racheal Paro,"Superintendent, Service",1977-11-27
84,Libby Deroin,Poultry Hanger,1995-03-15
85,Shanti Hannagan,Permanent-Mold Supervisor,1946-03-28
86,Florine Chargualaf,"Tester, Semiconductor Wafers",1948-11-13
87,Merilyn Garcy,Laundry Pricing Clerk,1969-10-18
88,Lekisha Kempa,Crushing-Machine Operator,1985-03-25
89,Mellisa Sultani,Diamond Selector,1994-08-30
90,Jaimee Donoso,Fishing-Line-Winding-Machine Operator,1971-06-25
91,Rosalina Caperton,Weeder-Thinner,1963-09-02
92,Stefanie Nonroe,"Utility Worker, Cloth Printing",1970-01-18
93,Julieta Sokol,"Loader, Malt House",1994-02-11
94,Lauralee Mcafee,"Supervisor, Pulp House",1948-05-07
95,Margarete Balbi,"Supervisor, Motor Vehicle Assembly",1954-12-04
96,Norine Mosby,"Floor Worker, Well Service",1999-02-04
97,Shirl Wilcock,Aircraft-Photographic-Equipment Mechanic,1955-11-19
98,Loma Deaville,Recorder,1974-10-22
99,Rhonda Mccarville,Basting Puller,1972-02-25
100,Forrest Schildknecht,Electrical-Prospecting Engineer,1979-09-04
101,Toney Gatz,Wire Drawer,1993-09-28
102,Bernardo Burtman,"Surveyor, Geophysical Prospecting",1956-12-11
103,Kasey Sorokin,Load Tester,1950-07-14
104,Gino Colder,Load Dispatcher,1964-08-29
105,Sung Ashraf,Ware Dresser,1998-10-28
106,Mauro Coloma,Sports-Equipment Repairer,1981-12-06
107,Tim Sith,Tape Coater,1953-01-02
108,Shirley Heinritz,Biological Aide,1948-12-11
109,Chas Seang,Shaving-Machine Operator,1985-03-15
110,Lionel Mccleary,Profile Trimmer,1967-10-25
111,Troy Saison,Custom-Feed-Mill Operator,1965-07-19
112,Byron Cos,Eddy-Current Inspector,1947-10-24
113,Billy Devera,Clay-Structure Builder And Servicer,1996-09-20
114,Jae Janak,Trim-Machine Adjuster,1946-01-14
115,Bennie Cissel,"Router Set-Up Operator, Numerical Control",1946-06-28
116,Wilburn Sudo,"Coil Assembler, Machine",1966-05-23
117,Cody Mustain,Carbon-And-Graphite-Brush-Machine Operator,1973-12-07
118,Douglass Godinez,Umpire,1953-03-19
119,Milan Argueta,"Welder, Arc",1993-01-25
120,Owen Quinlin,Nurse-Midwife,1982-05-26
121,Eddie Macqueen,Plastic-Joint Maker,1954-05-24
122,Bret Beauregard,Demonstrator,1946-03-23
123,Foster Thielen,Parachute Marker,1968-02-08
124,Yong Privateer,"Felled-Seam Operator, Chainstitch",1997-02-28
125,Demarcus Hynum,"Investigator, Dealer Accounts",1948-11-24
126,Waldo Pfaffinger,Sheet-Metal-Pattern Cutter,1982-04-21
127,Rey Rubulcaba,Mercury-Cracking Tester,1940-02-04
128,Titus Cachola,Cotton Puller,1987-06-12
129,Domenic Toldness,"Ice Maker, Skating Rink",1991-10-26
130,Alec Wisniowski,V-Belt Builder,1957-01-13
131,Gerry Rynerson,Taster,1949-11-28
132,Kendall Miramontez,Pay-Station Attendant,1977-12-09
133,Alvin Waroway,"Processor, Solid Propellant",1943-08-02
134,Bo Woyahn,Poultry-Dressing Worker,1954-08-15
135,Jamey Vaulet,Taper,1985-03-07
136,Giovanni Morring,Interline Clerk,1947-08-18
137,Dino Kalt,Street-Light Repairer,1940-06-09
138,Edmundo Levinson,Stripper And Taper,1942-04-25
139,Elroy Giger,Cistern-Room Operator,1979-09-06
140,Malcom Kesler,"Deputy Sheriff, Commander, Civil Division",1944-07-18
141,Jacob Spooner,"Electrician, Automotive",1961-01-06
142,Stevie Givliani,Arbor-Press Operator,1944-05-13
143,Robbie Karnes,Booster Assembler,1974-04-04
144,Emil Posnick,Polisher,1977-12-22
145,Rocky Hafen,Wet-Plant Operator,1967-01-10
146,Malik Tulip,"Pin Inserter, Regulator",1956-06-28
147,August Tattersall,Flower Picker,1997-01-19
148,Eddie Guilbeaux,Fire Fighter,1957-04-27
149,Eldon Grage,Anode-Crew Supervisor,1954-11-29
150,Alva Heming,Embossing-Machine Operator,1948-05-13
151,Wilson Gryder,"Dispatcher, Service, Chief",1970-06-23
152,Toby Selitto,Crew Scheduler,1954-09-13
153,Clemente Manvel,Tire Adjuster,1958-06-25
154,Francisco Vanelli,Deicer-Kit Assembler,1990-03-18
155,Carey Parmele,Naphtha-Washing-System Operator,1972-03-29
156,Walter Glaspy,Etcher,1960-11-10
157,Jere Destiche,"Salesperson-Demonstrator, Party Plan",1992-01-05
158,Robbie Mugg,"Tool Programmer, Numerical Control",1944-11-18
159,Rayford Buttaccio,Binder Layer,1996-02-29
160,Sol Linkert,Wood-Crew Supervisor,1991-12-13
161,Rudolph Bicklein,Cupboard Builder,1956-04-18
162,Nathanial Gu,"Supervisor, Laboratory",1949-04-16
163,Claude Mumme,Director Of Pupil Personnel Program,1954-05-18
164,Shayne Cronauer,"Cementer, Hand",1977-01-20
165,Miles Lomasney,Tire-Bladder Maker,1957-01-26
166,Jeff Munter,Varnishing-Machine Operator,1967-10-05
167,Scot Barager,Cut-File Clerk,1994-02-02
168,Colin Perino,"Sewer-Line Repairer, Tele-Grout",1967-12-14
169,Mitch Magdefrau,Ferryboat-Operator Helper,1983-11-27
170,Whitney Mickolick,Physician Assistant,1970-05-05
171,Boris Ganong,"Supervisor, Hydrochloric Area",1956-01-01
172,Joan Chanler,"Trouble Locator, Test Desk",1965-09-07
173,Fernando Deckers,"Finisher, Brush",1982-12-18
174,Everett Spigelman,"Laborer, Electroplating",1975-05-07
175,Keenan Glessner,"Supervisor, Instrument Mechanics",1960-09-04
176,Arnoldo Polak,Dot Etcher Apprentice,1979-09-14
177,Lonnie Moring,Acid-Tank Liner,1996-11-08
178,Jeremy Bolding,Budget Officer,1948-11-09
179,Merlin Bussone,Transfer-Car Operator,1987-10-05
180,Loyd Debrito,"Laborer, General",1965-06-19
181,Brant Bethay,Drilling-Machine Operator,1946-07-22
182,Titus Skura,Plumbing Assembler-Installer,1940-07-10
183,Murray Mandato,"Cloth Trimmer, Machine",1979-03-23
184,Warren Delson,Primer-Waterproofing-Machine Adjuster,1978-08-09
185,Herschel Zastawny,Genealogist,1976-05-24
186,Erik Shoger,Flare Breaker,1945-04-23
187,Val Retterbush,Refractory-Grinder Operator,1993-07-07
188,Mike Dudney,Tube Cleaner,1966-04-11
189,Gaston Hemler,Wire Walker,1967-12-08
190,Mitch Buban,"Pressroom Worker, Fat",1980-10-21
191,Neil Neahr,Barrel Loader And Cleaner,1981-12-12
192,Luke Deslandes,Mixing-Tank Operator,1982-04-09
193,Antony Ermert,Compound-Coating-Machine Offbearer,1988-02-04
194,Eduardo Sprau,Twitchell Operator,1950-09-18
195,Delmer Chevas,Wire-Transfer Clerk,1982-08-02
196,Dante Grissinger,Photoengraver,1975-01-05
197,Bryan Kwiat,Bookmobile Driver,1990-12-15
198,Irvin Vanwagenen,Track-Surfacing-Machine Operator,1994-02-12
199,Alejandro Lesage,"Supervisor, Area",1982-12-22
